{
  "mean_brightness": 1.3036657400000002,
  "median_brightness": 1.2851085,
  "std_brightness": 0.707352278663715,
  "max_brightness": 3.482951,
  "min_brightness": 0.148917,
  "wt_brightness_avGFP": 3.719212132,
  "total_variants": 500,
  "total_fpbase": 1110,
  "total_thermal": 28,
  "total_mutations": 58,
  "total_candidates": 45,
  "total_reference_seqs": 11
}